date,new_confirmed1,new_confirmed2,new_confirmed3,new_confirmed4,new_confirmed5,new_confirmed6,new_confirmed7,new_confirmed8,new_confirmed9,new_confirmed10,new_confirmed11,new_confirmed12,new_confirmed13,new_confirmed14,new_confirmed15,new_confirmed16,new_confirmed17,new_confirmed18,new_confirmed19,new_confirmed20,new_confirmed21,new_confirmed22,new_confirmed23,new_confirmed24,new_confirmed25,new_confirmed26,new_confirmed27,new_confirmed28,total_confirmed1,total_confirmed2,total_confirmed3,total_confirmed4,total_confirmed5,total_confirmed6,total_confirmed7,total_confirmed8,total_confirmed9,total_confirmed10,total_confirmed11,total_confirmed12,total_confirmed13,total_confirmed14,total_confirmed15,total_confirmed16,total_confirmed17,total_confirmed18,total_confirmed19,total_confirmed20,total_confirmed21,total_confirmed22,total_confirmed23,total_confirmed24,total_confirmed25,total_confirmed26,total_confirmed27,total_confirmed28,new_deaths1,new_deaths2,new_deaths3,new_deaths4,new_deaths5,new_deaths6,new_deaths7,new_deaths8,new_deaths9,new_deaths10,new_deaths11,new_deaths12,new_deaths13,new_deaths14,new_deaths15,new_deaths16,new_deaths17,new_deaths18,new_deaths19,new_deaths20,new_deaths21,new_deaths22,new_deaths23,new_deaths24,new_deaths25,new_deaths26,new_deaths27,new_deaths28,total_deaths1,total_deaths2,total_deaths3,total_deaths4,total_deaths5,total_deaths6,total_deaths7,total_deaths8,total_deaths9,total_deaths10,total_deaths11,total_deaths12,total_deaths13,total_deaths14,total_deaths15,total_deaths16,total_deaths17,total_deaths18,total_deaths19,total_deaths20,total_deaths21,total_deaths22,total_deaths23,total_deaths24,total_deaths25,total_deaths26,total_deaths27,total_deaths28,new_recovered3,new_recovered28,total_recovered3,total_recovered28,new_suspected3,total_suspected3,new_severed3,existing_severed3
2020-04-03,75853,75775,19,233,104,86,28395,49,2066,248,208,1109,6174,329,322,4668,771,4244,8102,1384,620,418,270,1119,51,113,79,43,"972,303.00","889,501.00","81,639.00","2,617.00","1,875.00","10,062.00","245,658.00","1,049.00","58,327.00","5,224.00","3,116.00","10,114.00","79,696.00","1,965.00","2,633.00","115,242.00","3,548.00","33,722.00","110,238.00","15,348.00","6,211.00","11,129.00","4,935.00","6,836.00",774.00,"1,790.00","1,133.00",845.00,"4,823.00","4,819.00",4.00,8.00,3.00,5.00,918.00,1.00,471.00,2.00,5.00,22.00,145.00,12.00,11.00,760.00,6.00,389.00,950.00,183.00,8.00,12.00,10.00,40.00,0.00,13.00,4.00,0.00,"50,322.00","46,991.00","3,326.00",65.00,15.00,174.00,"6,069.00",4.00,"4,490.00",23.00,50.00,127.00,"1,017.00",50.00,107.00,"13,917.00",30.00,"2,921.00","10,003.00","1,011.00",29.00,158.00,42.00,241.00,1.00,170.00,31.00,4.00,180.00,19.00,"76,751.00",173.00,11.00,114.00,-48.00,331.00
2020-04-02,72839,72746,31,206,0,89,27174,74,4784,269,142,1310,6156,0,227,4782,440,4324,7719,1189,462,529,218,1138,76,149,88,37,"896,450.00","813,726.00","81,620.00","2,384.00","1,771.00","9,976.00","217,263.00","1,000.00","56,261.00","4,976.00","2,908.00","9,005.00","73,522.00","1,636.00","2,311.00","110,574.00","2,777.00","29,478.00","102,136.00","13,964.00","5,591.00","10,711.00","4,665.00","5,717.00",723.00,"1,677.00","1,054.00",802.00,"4,924.00","4,918.00",4.00,0.00,0.00,4.00,"1,049.00",0.00,505.00,1.00,2.00,16.00,140.00,0.00,8.00,727.00,7.00,743.00,864.00,123.00,0.00,18.00,4.00,42.00,0.00,21.00,3.00,0.00,"45,526.00","42,199.00","3,322.00",57.00,12.00,169.00,"5,151.00",3.00,"4,019.00",21.00,45.00,105.00,872.00,38.00,96.00,"13,157.00",24.00,"2,532.00","9,053.00",828.00,21.00,146.00,32.00,201.00,1.00,157.00,27.00,4.00,163.00,7.00,"76,571.00",154.00,12.00,135.00,-50.00,379.00
2020-04-01,72736,72650,35,225,247,101,24215,47,7500,348,140,1378,5453,565,538,4053,500,3009,9222,876,298,564,221,323,47,114,146,51,"823,626.00","740,995.00","81,589.00","2,178.00","1,771.00","9,887.00","190,089.00",926.00,"51,477.00","4,707.00","2,766.00","7,695.00","67,366.00","1,636.00","2,084.00","105,792.00","2,337.00","25,154.00","94,417.00","12,775.00","5,129.00","10,182.00","4,447.00","4,579.00",647.00,"1,528.00",966.00,765.00,"4,193.00","4,186.00",6.00,1.00,3.00,3.00,924.00,0.00,497.00,2.00,6.00,23.00,149.00,9.00,10.00,839.00,8.00,381.00,849.00,192.00,4.00,20.00,2.00,23.00,0.00,14.00,4.00,0.00,"40,598.00","37,277.00","3,318.00",57.00,12.00,165.00,"4,102.00",3.00,"3,514.00",20.00,43.00,89.00,732.00,38.00,88.00,"12,430.00",17.00,"1,789.00","8,189.00",705.00,21.00,128.00,28.00,159.00,1.00,136.00,24.00,4.00,170.00,19.00,"76,408.00",147.00,20.00,153.00,-37.00,429.00
2020-03-31,57610,57512,36,87,0,125,22803,35,4335,393,156,662,4615,0,128,4050,303,2619,6398,1063,584,805,124,352,48,129,75,32,"750,890.00","668,345.00","81,554.00","1,953.00","1,524.00","9,786.00","165,874.00",879.00,"43,977.00","4,359.00","2,626.00","6,317.00","61,913.00","1,071.00","1,546.00","101,739.00","1,837.00","22,145.00","85,195.00","11,899.00","4,831.00","9,618.00","4,226.00","4,256.00",600.00,"1,414.00",820.00,714.00,"3,301.00","3,297.00",7.00,2.00,0.00,4.00,665.00,0.00,415.00,2.00,3.00,5.00,128.00,0.00,7.00,810.00,0.00,180.00,812.00,82.00,2.00,22.00,4.00,22.00,0.00,8.00,1.00,0.00,"36,405.00","33,091.00","3,312.00",56.00,9.00,162.00,"3,178.00",3.00,"3,017.00",18.00,37.00,66.00,583.00,29.00,78.00,"11,591.00",9.00,"1,408.00","7,340.00",513.00,17.00,108.00,26.00,136.00,1.00,122.00,20.00,4.00,186.00,4.00,"76,238.00",128.00,26.00,172.00,-62.00,466.00
2020-03-30,58411,58305,48,173,136,78,18395,42,2497,0,150,898,4751,92,343,5217,0,2433,6549,1702,382,522,257,487,76,130,55,41,"693,224.00","610,777.00","81,518.00","1,866.00","1,524.00","9,661.00","143,071.00",844.00,"39,642.00","3,966.00","2,470.00","5,655.00","57,298.00","1,071.00","1,418.00","97,689.00","1,534.00","19,526.00","78,797.00","10,836.00","4,247.00","8,813.00","4,102.00","3,904.00",552.00,"1,285.00",745.00,682.00,"3,215.00","3,211.00",1.00,2.00,2.00,6.00,317.00,1.00,291.00,0.00,7.00,6.00,66.00,4.00,3.00,758.00,2.00,209.00,838.00,78.00,0.00,18.00,2.00,22.00,0.00,12.00,2.00,0.00,"33,106.00","29,796.00","3,305.00",54.00,9.00,158.00,"2,513.00",3.00,"2,602.00",16.00,34.00,61.00,455.00,29.00,71.00,"10,781.00",10.00,"1,228.00","6,528.00",431.00,15.00,86.00,22.00,114.00,1.00,114.00,19.00,4.00,282.00,6.00,"76,052.00",124.00,44.00,183.00,-105.00,528.00
2020-03-29,63159,63033,31,194,252,105,19837,70,4603,331,159,739,3965,255,272,5974,270,2546,8189,1850,405,594,264,502,60,109,101,59,"634,835.00","552,479.00","81,470.00","1,693.00","1,388.00","9,583.00","124,676.00",802.00,"37,145.00","3,966.00","2,320.00","4,757.00","52,547.00",979.00,"1,075.00","92,472.00","1,534.00","17,093.00","72,248.00","9,134.00","3,865.00","8,291.00","3,845.00","3,417.00",476.00,"1,155.00",690.00,641.00,"3,464.00","3,459.00",4.00,3.00,2.00,8.00,480.00,0.00,319.00,2.00,1.00,16.00,64.00,8.00,14.00,887.00,4.00,260.00,832.00,64.00,69.00,0.00,4.00,15.00,1.00,15.00,5.00,0.00,"29,957.00","26,651.00","3,304.00",52.00,7.00,152.00,"2,196.00",2.00,"2,311.00",16.00,27.00,55.00,389.00,25.00,68.00,"10,023.00",8.00,"1,019.00","5,690.00",353.00,81.00,68.00,20.00,92.00,1.00,102.00,17.00,4.00,322.00,6.00,"75,770.00",118.00,17.00,168.00,-109.00,633.00
2020-03-28,62514,62362,45,112,0,146,18796,49,3756,650,130,463,6294,0,96,5959,228,2885,7871,1049,425,668,425,482,78,153,87,64,"571,678.00","489,448.00","81,439.00","1,499.00","1,136.00","9,478.00","104,839.00",732.00,"32,542.00","3,635.00","2,161.00","4,018.00","48,582.00",724.00,803.00,"86,498.00","1,264.00","14,547.00","64,059.00","7,284.00","3,460.00","7,697.00","3,581.00","2,915.00",416.00,"1,046.00",589.00,582.00,"3,159.00","3,156.00",5.00,3.00,0.00,5.00,412.00,0.00,297.00,1.00,3.00,4.00,72.00,0.00,9.00,971.00,1.00,181.00,769.00,69.00,2.00,16.00,2.00,20.00,0.00,9.00,4.00,0.00,"26,494.00","23,193.00","3,300.00",49.00,5.00,144.00,"1,716.00",2.00,"1,992.00",14.00,26.00,39.00,325.00,17.00,54.00,"9,136.00",4.00,759.00,"4,858.00",289.00,12.00,68.00,16.00,77.00,0.00,87.00,12.00,4.00,477.00,1.00,"75,448.00",112.00,28.00,174.00,-179.00,742.00
2020-03-27,46484,46367,54,96,202,91,16820,52,3866,186,235,146,5780,75,71,6153,196,2129,8578,1298,666,1141,240,0,76,103,115,65,"509,164.00","427,086.00","81,394.00","1,387.00","1,136.00","9,332.00","86,043.00",683.00,"28,786.00","2,985.00","2,031.00","3,555.00","42,288.00",724.00,707.00,"80,539.00","1,036.00","11,662.00","56,188.00","6,235.00","3,035.00","7,029.00","3,156.00","2,433.00",338.00,893.00,502.00,518.00,"2,501.00","2,496.00",3.00,1.00,1.00,8.00,250.00,0.00,364.00,2.00,4.00,0.00,55.00,4.00,7.00,660.00,1.00,115.00,655.00,42.00,5.00,18.00,2.00,0.00,0.00,20.00,2.00,0.00,"23,335.00","20,037.00","3,295.00",46.00,5.00,139.00,"1,304.00",2.00,"1,695.00",13.00,23.00,35.00,253.00,17.00,45.00,"8,165.00",3.00,578.00,"4,089.00",220.00,10.00,52.00,14.00,57.00,0.00,78.00,8.00,4.00,383.00,1.00,"74,971.00",111.00,29.00,184.00,-113.00,921.00
2020-03-26,49219,49106,55,98,0,104,13981,73,2895,547,172,1670,4954,87,84,5210,182,1452,7937,668,199,606,350,232,73,104,86,43,"462,684.00","380,723.00","81,340.00","1,291.00",934.00,"9,241.00","69,223.00",631.00,"24,920.00","2,799.00","1,796.00","3,409.00","36,508.00",649.00,636.00,"74,386.00",840.00,"9,533.00","47,610.00","4,937.00","2,369.00","5,888.00","2,916.00","2,433.00",262.00,790.00,387.00,453.00,"2,401.00","2,395.00",5.00,2.00,0.00,5.00,253.00,0.00,231.00,3.00,3.00,10.00,49.00,4.00,3.00,685.00,2.00,41.00,738.00,56.00,0.00,4.00,2.00,11.00,0.00,3.00,2.00,0.00,"20,834.00","17,541.00","3,292.00",45.00,4.00,131.00,"1,054.00",2.00,"1,331.00",11.00,19.00,35.00,198.00,13.00,38.00,"7,505.00",2.00,463.00,"3,434.00",178.00,5.00,34.00,12.00,57.00,0.00,58.00,6.00,4.00,537.00,4.00,"74,588.00",110.00,49.00,189.00,-201.00,"1,034.00"
2020-03-25,40712,40611,67,65,107,100,8799,51,2410,543,106,307,2342,128,90,5249,220,1427,6584,526,932,796,195,655,87,107,35,24,"413,467.00","331,619.00","81,285.00","1,193.00",934.00,"9,137.00","55,242.00",558.00,"22,025.00","2,252.00","1,624.00","1,739.00","31,554.00",562.00,552.00,"69,176.00",658.00,"8,081.00","39,673.00","4,269.00","2,170.00","5,282.00","2,566.00","2,201.00",189.00,686.00,301.00,410.00,"2,202.00","2,198.00",6.00,1.00,0.00,6.00,215.00,0.00,240.00,1.00,2.00,5.00,23.00,0.00,2.00,743.00,0.00,87.00,514.00,34.00,4.00,5.00,2.00,21.00,0.00,6.00,0.00,0.00,"18,433.00","15,146.00","3,287.00",43.00,4.00,126.00,801.00,2.00,"1,100.00",8.00,16.00,25.00,149.00,9.00,35.00,"6,820.00",0.00,422.00,"2,696.00",122.00,5.00,30.00,10.00,46.00,0.00,55.00,4.00,4.00,401.00,4.00,"74,051.00",106.00,58.00,159.00,-164.00,"1,235.00"
2020-03-24,39825,39679,47,39,106,76,11219,52,3794,313,212,48,4438,19,82,4789,0,967,4517,342,167,855,239,642,0,65,41,30,"372,755.00","291,008.00","81,218.00","1,128.00",827.00,"9,037.00","46,443.00",507.00,"19,615.00","1,709.00","1,518.00","1,432.00","29,212.00",434.00,462.00,"63,927.00",438.00,"6,654.00","33,089.00","3,743.00","1,238.00","4,486.00","2,371.00","1,546.00",102.00,579.00,266.00,386.00,"1,722.00","1,715.00",4.00,1.00,3.00,9.00,115.00,0.00,186.00,0.00,4.00,1.00,32.00,2.00,8.00,601.00,0.00,54.00,462.00,13.00,0.00,9.00,1.00,14.00,0.00,1.00,0.00,0.00,"16,231.00","12,948.00","3,281.00",42.00,4.00,120.00,586.00,2.00,860.00,7.00,14.00,20.00,126.00,9.00,33.00,"6,077.00",0.00,335.00,"2,182.00",88.00,1.00,25.00,8.00,25.00,0.00,49.00,4.00,4.00,491.00,1.00,"73,650.00",102.00,33.00,134.00,-174.00,"1,399.00"
2020-03-23,40788,40685,78,43,310,64,8368,23,1525,315,123,336,3311,132,73,5560,132,669,3646,586,188,607,206,0,36,64,67,39,"332,930.00","251,329.00","81,171.00","1,089.00",721.00,"8,961.00","35,224.00",455.00,"15,821.00","1,396.00","1,306.00","1,384.00","24,774.00",415.00,380.00,"59,138.00",438.00,"5,687.00","28,572.00","3,401.00","1,071.00","3,631.00","2,132.00",904.00,102.00,514.00,225.00,356.00,"1,727.00","1,718.00",7.00,5.00,0.00,7.00,125.00,0.00,112.00,0.00,7.00,6.00,27.00,3.00,6.00,649.00,0.00,48.00,394.00,8.00,0.00,8.00,0.00,0.00,0.00,10.00,1.00,0.00,"14,509.00","11,233.00","3,277.00",41.00,1.00,111.00,471.00,2.00,674.00,7.00,10.00,19.00,94.00,7.00,25.00,"5,476.00",0.00,281.00,"1,720.00",75.00,1.00,16.00,7.00,11.00,0.00,48.00,4.00,4.00,456.00,1.00,"73,159.00",101.00,35.00,132.00,-176.00,"1,573.00"
2020-03-22,26069,25987,39,50,89,98,6680,47,1821,208,153,202,3140,88,77,6557,53,1035,4946,558,171,375,184,283,13,81,30,44,"292,142.00","210,644.00","81,093.00","1,046.00",411.00,"8,897.00","26,856.00",432.00,"14,296.00","1,081.00","1,183.00","1,048.00","21,463.00",283.00,307.00,"53,578.00",306.00,"5,018.00","24,926.00","2,815.00",883.00,"3,024.00","1,926.00",904.00,66.00,450.00,158.00,317.00,"1,600.00","1,594.00",9.00,1.00,0.00,2.00,69.00,2.00,112.00,0.00,0.00,4.00,22.00,0.00,1.00,795.00,0.00,56.00,324.00,30.00,0.00,2.00,0.00,7.00,0.00,6.00,0.00,0.00,"12,783.00","9,516.00","3,270.00",36.00,1.00,104.00,346.00,2.00,562.00,7.00,3.00,13.00,67.00,4.00,19.00,"4,827.00",0.00,233.00,"1,326.00",67.00,1.00,8.00,7.00,11.00,0.00,38.00,3.00,4.00,459.00,0.00,"72,703.00",100.00,47.00,136.00,-96.00,"1,749.00"
2020-03-21,32000,31884,46,46,0,147,5811,40,1598,164,130,110,7324,0,13,5986,54,706,2833,462,183,806,190,193,14,60,31,17,"266,073.00","184,657.00","81,054.00",996.00,322.00,"8,799.00","20,176.00",385.00,"12,475.00",873.00,"1,030.00",846.00,"18,323.00",195.00,230.00,"47,021.00",253.00,"3,983.00","19,980.00","2,257.00",712.00,"2,649.00","1,742.00",621.00,53.00,369.00,128.00,273.00,"1,343.00","1,335.00",6.00,2.00,0.00,8.00,65.00,0.00,78.00,1.00,1.00,0.00,25.00,0.00,1.00,625.00,0.00,33.00,235.00,23.00,1.00,1.00,1.00,0.00,0.00,7.00,1.00,0.00,"11,183.00","7,922.00","3,261.00",35.00,1.00,102.00,277.00,0.00,450.00,7.00,3.00,9.00,45.00,4.00,18.00,"4,032.00",0.00,177.00,"1,002.00",37.00,1.00,6.00,7.00,4.00,0.00,32.00,3.00,4.00,504.00,2.00,"72,244.00",100.00,45.00,118.00,-118.00,"1,845.00"
2020-03-20,24247,24121,41,77,110,239,4106,32,1834,199,227,167,2801,44,30,5322,52,647,3431,309,102,197,129,137,19,82,0,48,"234,073.00","152,773.00","81,008.00",950.00,322.00,"8,652.00","14,365.00",345.00,"10,877.00",709.00,900.00,736.00,"10,999.00",195.00,217.00,"41,035.00",199.00,"3,277.00","17,147.00","1,795.00",529.00,"1,843.00","1,552.00",428.00,39.00,309.00,97.00,256.00,"1,061.00","1,050.00",7.00,4.00,0.00,10.00,60.00,0.00,128.00,0.00,0.00,0.00,8.00,1.00,3.00,429.00,0.00,41.00,169.00,0.00,0.00,1.00,3.00,3.00,0.00,6.00,0.00,0.00,"9,840.00","6,587.00","3,255.00",33.00,1.00,94.00,212.00,0.00,372.00,6.00,2.00,9.00,20.00,4.00,17.00,"3,407.00",0.00,144.00,767.00,14.00,0.00,5.00,6.00,4.00,0.00,25.00,2.00,4.00,590.00,0.00,"71,740.00",98.00,36.00,106.00,-173.00,"1,963.00"
2020-03-19,16556,16498,39,44,35,93,3737,47,0,96,120,145,1042,14,0,4207,54,672,2538,0,0,314,115,57,9,55,14,16,"209,839.00","128,665.00","80,967.00",873.00,212.00,"8,413.00","10,259.00",313.00,"9,043.00",510.00,673.00,569.00,"8,198.00",151.00,187.00,"35,713.00",147.00,"2,630.00","13,716.00","1,486.00",427.00,"1,646.00","1,423.00",291.00,20.00,227.00,79.00,208.00,828.00,817.00,3.00,1.00,0.00,3.00,38.00,0.00,0.00,1.00,2.00,7.00,0.00,0.00,2.00,473.00,0.00,0.00,107.00,0.00,0.00,1.00,0.00,1.00,0.00,14.00,0.00,0.00,"8,778.00","5,536.00","3,248.00",29.00,1.00,84.00,152.00,0.00,244.00,6.00,2.00,8.00,13.00,3.00,14.00,"2,978.00",0.00,103.00,598.00,14.00,0.00,4.00,3.00,1.00,0.00,19.00,2.00,4.00,730.00,3.00,"71,150.00",98.00,31.00,104.00,-178.00,"2,136.00"
2020-03-18,15123,15084,34,15,30,84,3019,23,1079,78,0,120,1144,23,45,3526,0,407,1987,401,0,373,139,34,5,0,9,25,"191,127.00","110,011.00","80,928.00",829.00,177.00,"8,320.00","6,522.00",266.00,"7,652.00",414.00,553.00,424.00,"7,156.00",137.00,187.00,"31,506.00",93.00,"1,954.00","11,178.00","1,486.00",304.00,"1,332.00","1,308.00",234.00,11.00,172.00,65.00,192.00,786.00,773.00,8.00,4.00,0.00,6.00,56.00,0.00,27.00,0.00,0.00,0.00,0.00,1.00,0.00,345.00,0.00,5.00,182.00,9.00,0.00,2.00,0.00,0.00,0.00,0.00,0.00,0.00,"7,807.00","4,576.00","3,245.00",28.00,1.00,81.00,114.00,0.00,175.00,5.00,0.00,1.00,13.00,3.00,12.00,"2,503.00",0.00,55.00,491.00,14.00,0.00,3.00,3.00,0.00,0.00,5.00,2.00,4.00,819.00,3.00,"70,420.00",95.00,23.00,105.00,-308.00,"2,314.00"
2020-03-17,11525,11486,13,15,33,84,1825,0,1193,77,0,120,1174,23,47,3233,30,152,1438,0,50,173,92,34,5,55,9,10,"179,111.00","97,995.00","80,894.00",829.00,147.00,"8,320.00","3,503.00",243.00,"6,573.00",375.00,553.00,424.00,"6,012.00",137.00,187.00,"27,980.00",93.00,"1,547.00","9,191.00","1,085.00",250.00,"1,132.00","1,169.00",234.00,11.00,172.00,65.00,167.00,475.00,462.00,11.00,4.00,0.00,6.00,17.00,0.00,21.00,0.00,0.00,0.00,1.00,1.00,0.00,349.00,0.00,20.00,21.00,0.00,0.00,2.00,2.00,0.00,0.00,1.00,0.00,0.00,"7,426.00","4,195.00","3,237.00",28.00,1.00,81.00,58.00,0.00,148.00,5.00,0.00,1.00,13.00,3.00,12.00,"2,503.00",0.00,55.00,309.00,5.00,0.00,3.00,3.00,0.00,0.00,5.00,2.00,4.00,922.00,4.00,"69,601.00",92.00,21.00,119.00,-208.00,"2,622.00"
2020-03-16,13903,13874,21,34,39,74,0,31,911,0,315,60,1043,7,0,3590,29,251,2000,396,22,159,170,79,0,0,11,9,"167,515.00","86,438.00","80,881.00",814.00,114.00,"8,236.00","1,678.00",243.00,"5,380.00",298.00,553.00,304.00,"4,838.00",114.00,140.00,"24,747.00",63.00,"1,395.00","7,753.00","1,085.00",200.00,959.00,"1,077.00",200.00,6.00,117.00,56.00,157.00,862.00,848.00,13.00,2.00,0.00,0.00,0.00,0.00,36.00,0.00,0.00,0.00,4.00,0.00,0.00,368.00,0.00,14.00,152.00,5.00,0.00,0.00,0.00,0.00,0.00,0.00,0.00,0.00,"6,606.00","3,388.00","3,226.00",24.00,1.00,75.00,41.00,0.00,127.00,5.00,0.00,1.00,12.00,2.00,12.00,"1,809.00",0.00,35.00,288.00,5.00,0.00,1.00,1.00,0.00,0.00,4.00,2.00,4.00,930.00,4.00,"68,679.00",88.00,45.00,128.00,-202.00,"2,830.00"
2020-03-15,10982,10955,16,64,0,76,0,12,829,52,41,68,733,25,47,3497,0,342,1522,90,78,296,157,23,0,48,11,7,"153,517.00","72,469.00","80,860.00",780.00,75.00,"8,162.00","1,678.00",212.00,"4,469.00",249.00,238.00,244.00,"3,795.00",107.00,111.00,"21,157.00",34.00,"1,144.00","5,753.00",689.00,178.00,800.00,907.00,121.00,6.00,117.00,45.00,148.00,343.00,333.00,14.00,1.00,0.00,3.00,0.00,0.00,12.00,0.00,0.00,0.00,2.00,0.00,4.00,173.00,0.00,11.00,16.00,0.00,0.00,0.00,0.00,0.00,0.00,1.00,0.00,0.00,"5,735.00","2,531.00","3,213.00",22.00,1.00,75.00,41.00,0.00,91.00,3.00,0.00,1.00,8.00,2.00,6.00,"1,441.00",0.00,21.00,136.00,0.00,0.00,1.00,1.00,0.00,0.00,4.00,2.00,4.00,838.00,3.00,"67,749.00",84.00,41.00,134.00,-194.00,"3,032.00"
2020-03-14,9764,9746,20,41,0,107,414,13,780,57,68,38,693,8,12,2547,0,208,1266,285,25,143,261,21,1,35,3,4,"142,534.00","61,513.00","80,844.00",716.00,75.00,"8,086.00","1,678.00",200.00,"3,640.00",197.00,197.00,176.00,"3,062.00",82.00,64.00,"17,660.00",34.00,802.00,"4,231.00",599.00,100.00,504.00,750.00,98.00,6.00,69.00,34.00,141.00,437.00,423.00,10.00,2.00,0.00,6.00,5.00,0.00,18.00,0.00,0.00,0.00,0.00,1.00,0.00,252.00,0.00,2.00,36.00,0.00,0.00,0.00,1.00,0.00,0.00,2.00,1.00,0.00,"5,392.00","2,198.00","3,199.00",21.00,1.00,72.00,41.00,0.00,79.00,3.00,0.00,1.00,6.00,2.00,2.00,"1,268.00",0.00,10.00,120.00,0.00,0.00,1.00,1.00,0.00,0.00,3.00,2.00,4.00,"1,370.00",3.00,"66,911.00",81.00,39.00,113.00,-384.00,"3,226.00"
2020-03-13,7499,7488,11,55,5,110,277,9,591,18,0,45,802,1,0,2651,14,134,825,0,0,59,0,25,0,0,12,6,"132,758.00","51,767.00","80,824.00",675.00,75.00,"7,979.00","1,264.00",187.00,"2,860.00",140.00,129.00,138.00,"2,369.00",74.00,52.00,"15,113.00",34.00,594.00,"2,965.00",314.00,75.00,361.00,489.00,77.00,5.00,34.00,31.00,137.00,342.00,335.00,13.00,4.00,0.00,0.00,7.00,0.00,13.00,0.00,0.00,0.00,3.00,1.00,0.00,189.00,0.00,2.00,36.00,0.00,0.00,1.00,0.00,0.00,0.00,0.00,0.00,1.00,"4,955.00","1,775.00","3,189.00",19.00,1.00,66.00,36.00,0.00,61.00,3.00,0.00,1.00,6.00,1.00,2.00,"1,016.00",0.00,8.00,84.00,0.00,0.00,1.00,0.00,0.00,0.00,1.00,1.00,4.00,"1,430.00",3.00,"65,541.00",78.00,17.00,115.00,-410.00,"3,610.00"
2020-03-12,6941,6915,8,52,11,114,291,12,495,10,0,0,271,13,3,2313,13,87,501,47,0,120,0,18,0,7,2,2,"125,260.00","44,279.00","80,813.00",620.00,70.00,"7,869.00",987.00,178.00,"2,269.00",122.00,129.00,93.00,"1,567.00",73.00,52.00,"12,462.00",20.00,460.00,"2,140.00",314.00,75.00,302.00,277.00,52.00,5.00,34.00,19.00,131.00,321.00,310.00,7.00,3.00,0.00,6.00,4.00,0.00,15.00,0.00,0.00,0.00,1.00,0.00,1.00,196.00,0.00,0.00,12.00,0.00,0.00,0.00,0.00,0.00,0.00,0.00,0.00,0.00,"4,613.00","1,440.00","3,176.00",15.00,1.00,66.00,29.00,0.00,48.00,3.00,0.00,1.00,3.00,0.00,2.00,827.00,0.00,6.00,48.00,0.00,0.00,0.00,0.00,0.00,0.00,1.00,1.00,3.00,"1,318.00",8.00,"64,111.00",75.00,33.00,147.00,-237.00,"4,020.00"
2020-03-11,4620,4589,15,54,6,242,224,6,372,20,12,16,157,16,16,977,0,50,615,28,36,51,85,9,0,8,5,9,"118,319.00","37,364.00","80,793.00",568.00,59.00,"7,755.00",696.00,166.00,"1,774.00",112.00,129.00,93.00,"1,296.00",60.00,49.00,"10,149.00",7.00,373.00,"1,639.00",267.00,75.00,182.00,277.00,34.00,5.00,27.00,17.00,129.00,280.00,258.00,11.00,3.00,0.00,6.00,6.00,0.00,3.00,0.00,0.00,1.00,0.00,0.00,0.00,168.00,0.00,3.00,8.00,0.00,0.00,0.00,0.00,0.00,0.00,1.00,0.00,0.00,"4,292.00","1,130.00","3,169.00",12.00,1.00,60.00,25.00,0.00,33.00,3.00,0.00,1.00,2.00,0.00,1.00,631.00,0.00,6.00,36.00,0.00,0.00,0.00,0.00,0.00,0.00,1.00,1.00,3.00,"1,318.00",7.00,"62,793.00",67.00,33.00,253.00,-235.00,"4,257.00"
2020-03-10,4125,4105,24,26,3,131,259,10,286,15,24,15,27,1,23,1797,0,46,435,39,0,19,23,0,0,13,0,5,"113,702.00","32,778.00","80,778.00",514.00,53.00,"7,513.00",472.00,160.00,"1,402.00",92.00,117.00,77.00,"1,139.00",44.00,33.00,"9,172.00",7.00,323.00,"1,024.00",239.00,39.00,131.00,192.00,25.00,5.00,19.00,12.00,120.00,203.00,186.00,22.00,2.00,0.00,3.00,8.00,0.00,11.00,0.00,0.00,0.00,2.00,0.00,0.00,97.00,0.00,1.00,18.00,0.00,0.00,0.00,0.00,0.00,0.00,0.00,0.00,0.00,"4,012.00",872.00,"3,158.00",9.00,1.00,54.00,19.00,0.00,30.00,3.00,0.00,0.00,2.00,0.00,1.00,463.00,0.00,3.00,28.00,0.00,0.00,0.00,0.00,0.00,0.00,0.00,1.00,3.00,"1,578.00",5.00,"61,475.00",60.00,31.00,285.00,-302.00,"4,492.00"
2020-03-09,3993,3948,19,33,0,248,0,12,410,3,0,5,317,9,4,1492,0,67,159,31,14,10,22,6,0,2,3,1,"109,577.00","28,673.00","80,754.00",488.00,50.00,"7,382.00",213.00,150.00,"1,116.00",77.00,93.00,62.00,"1,112.00",43.00,10.00,"7,375.00",7.00,277.00,589.00,200.00,39.00,112.00,169.00,25.00,5.00,6.00,12.00,115.00,225.00,202.00,17.00,1.00,0.00,1.00,0.00,0.00,9.00,0.00,0.00,0.00,0.00,0.00,0.00,132.00,0.00,0.00,5.00,0.00,0.00,0.00,0.00,0.00,0.00,0.00,0.00,0.00,"3,809.00",686.00,"3,136.00",7.00,1.00,51.00,11.00,0.00,19.00,3.00,0.00,0.00,0.00,0.00,1.00,366.00,0.00,2.00,10.00,0.00,0.00,0.00,0.00,0.00,0.00,0.00,1.00,3.00,"1,297.00",1.00,"59,897.00",60.00,36.00,349.00,-317.00,"4,794.00"
2020-03-08,3656,3610,40,48,2,367,0,8,93,12,10,6,156,3,1,1247,0,43,56,60,6,38,34,6,0,0,7,5,"105,586.00","24,727.00","80,735.00",455.00,50.00,"7,134.00",213.00,138.00,706.00,74.00,93.00,57.00,795.00,34.00,6.00,"5,883.00",7.00,210.00,430.00,169.00,25.00,104.00,147.00,19.00,5.00,4.00,9.00,114.00,98.00,71.00,22.00,0.00,0.00,6.00,0.00,0.00,1.00,1.00,0.00,0.00,0.00,0.00,0.00,37.00,0.00,1.00,0.00,0.00,0.00,0.00,0.00,0.00,0.00,0.00,1.00,1.00,"3,584.00",484.00,"3,119.00",6.00,1.00,50.00,11.00,0.00,10.00,3.00,0.00,0.00,0.00,0.00,1.00,234.00,0.00,2.00,5.00,0.00,0.00,0.00,0.00,0.00,0.00,0.00,1.00,3.00,"1,535.00",4.00,"58,600.00",59.00,60.00,421.00,-153.00,"5,111.00"
2020-03-07,3735,3633,44,59,1,483,65,13,193,5,28,6,105,1,0,778,3,49,117,59,4,19,27,6,1,0,1,2,"101,927.00","21,114.00","80,695.00",408.00,48.00,"6,767.00",213.00,130.00,613.00,62.00,83.00,51.00,639.00,31.00,5.00,"4,636.00",7.00,167.00,374.00,109.00,19.00,66.00,113.00,13.00,5.00,2.00,2.00,109.00,106.00,78.00,27.00,0.00,0.00,2.00,1.00,0.00,3.00,0.00,0.00,0.00,0.00,0.00,0.00,49.00,0.00,1.00,2.00,0.00,0.00,0.00,0.00,0.00,0.00,0.00,0.00,0.00,"3,486.00",413.00,"3,097.00",6.00,1.00,44.00,11.00,0.00,9.00,2.00,0.00,0.00,0.00,0.00,1.00,197.00,0.00,1.00,5.00,0.00,0.00,0.00,0.00,0.00,0.00,0.00,0.00,2.00,"1,661.00",4.00,"57,065.00",55.00,84.00,458.00,-225.00,"5,264.00"
2020-03-06,2873,2727,99,32,0,518,19,7,138,0,5,15,272,1,2,769,1,29,59,27,0,10,30,4,2,0,0,3,"98,192.00","17,481.00","80,651.00",349.00,47.00,"6,284.00",148.00,117.00,420.00,57.00,55.00,45.00,534.00,30.00,5.00,"3,858.00",4.00,118.00,257.00,50.00,15.00,47.00,86.00,7.00,4.00,2.00,1.00,107.00,99.00,69.00,28.00,0.00,0.00,7.00,1.00,0.00,2.00,0.00,0.00,0.00,0.00,0.00,0.00,41.00,0.00,0.00,2.00,0.00,0.00,0.00,0.00,0.00,0.00,0.00,0.00,0.00,"3,380.00",335.00,"3,070.00",6.00,1.00,42.00,10.00,0.00,6.00,2.00,0.00,0.00,0.00,0.00,1.00,148.00,0.00,0.00,3.00,0.00,0.00,0.00,0.00,0.00,0.00,0.00,0.00,2.00,"1,678.00",5.00,"55,404.00",51.00,99.00,502.00,-248.00,"5,489.00"
2020-03-05,2232,2089,143,33,4,438,21,0,73,14,0,0,66,23,0,587,0,38,47,15,3,13,23,1,0,0,0,0,"95,324.00","14,759.00","80,552.00",317.00,47.00,"5,766.00",129.00,110.00,282.00,57.00,50.00,30.00,262.00,29.00,3.00,"3,089.00",3.00,89.00,198.00,23.00,15.00,37.00,56.00,3.00,2.00,2.00,1.00,104.00,84.00,53.00,30.00,0.00,0.00,3.00,3.00,0.00,0.00,2.00,0.00,0.00,0.00,0.00,0.00,27.00,0.00,0.00,1.00,0.00,0.00,0.00,0.00,0.00,0.00,0.00,0.00,0.00,"3,281.00",266.00,"3,042.00",6.00,1.00,35.00,9.00,0.00,4.00,2.00,0.00,0.00,0.00,0.00,1.00,107.00,0.00,0.00,1.00,0.00,0.00,0.00,0.00,0.00,0.00,0.00,0.00,2.00,"1,681.00",3.00,"53,726.00",46.00,102.00,482.00,-215.00,"5,737.00"
2020-03-04,2223,2103,139,16,0,516,44,2,21,10,21,3,39,1,0,466,0,12,37,0,2,6,7,0,0,0,1,4,"93,091.00","12,669.00","80,409.00",284.00,43.00,"5,328.00",108.00,110.00,212.00,43.00,50.00,30.00,196.00,6.00,3.00,"2,502.00",3.00,51.00,151.00,8.00,12.00,24.00,32.00,2.00,2.00,2.00,1.00,104.00,86.00,48.00,31.00,0.00,0.00,4.00,4.00,0.00,1.00,0.00,0.00,0.00,0.00,0.00,0.00,28.00,0.00,0.00,0.00,0.00,0.00,0.00,0.00,0.00,0.00,0.00,0.00,0.00,"3,198.00",214.00,"3,012.00",6.00,1.00,32.00,6.00,0.00,4.00,1.00,0.00,0.00,0.00,0.00,1.00,80.00,0.00,0.00,0.00,0.00,0.00,0.00,0.00,0.00,0.00,0.00,0.00,2.00,"2,189.00",6.00,"52,045.00",43.00,143.00,522.00,-464.00,"5,952.00"
2020-03-03,1922,1792,119,14,1,600,2,2,91,6,5,8,28,2,0,347,1,3,69,7,3,8,6,0,1,0,,0,"90,869.00","10,565.00","80,270.00",268.00,43.00,"4,812.00",64.00,108.00,191.00,33.00,29.00,27.00,157.00,5.00,3.00,"2,036.00",3.00,39.00,114.00,8.00,10.00,18.00,25.00,2.00,2.00,2.00,,100.00,69.00,38.00,38.00,0.00,0.00,6.00,2.00,0.00,1.00,0.00,0.00,0.00,0.00,0.00,0.00,17.00,0.00,0.00,0.00,0.00,0.00,0.00,0.00,0.00,0.00,0.00,,0.00,"3,112.00",166.00,"2,981.00",6.00,1.00,28.00,2.00,0.00,3.00,1.00,0.00,0.00,0.00,0.00,1.00,52.00,0.00,0.00,0.00,0.00,0.00,0.00,0.00,0.00,0.00,0.00,,2.00,"2,652.00",1.00,"49,856.00",37.00,143.00,520.00,-390.00,"6,416.00"
2020-03-02,1806,1600,125,15,0,476,0,4,0,2,0,0,72,0,0,561,0,13,0,0,0,0,4,0,0,2,,2,"88,948.00","8,774.00","80,151.00",254.00,42.00,"4,212.00",62.00,106.00,100.00,27.00,24.00,19.00,129.00,3.00,3.00,"1,689.00",2.00,36.00,45.00,1.00,7.00,10.00,19.00,2.00,1.00,2.00,,100.00,66.00,24.00,31.00,1.00,1.00,4.00,0.00,0.00,0.00,1.00,0.00,0.00,0.00,0.00,0.00,6.00,0.00,0.00,0.00,0.00,0.00,0.00,0.00,0.00,0.00,0.00,,0.00,"3,043.00",128.00,"2,943.00",6.00,1.00,22.00,0.00,0.00,2.00,1.00,0.00,0.00,0.00,0.00,1.00,35.00,0.00,0.00,0.00,0.00,0.00,0.00,0.00,0.00,0.00,0.00,,2.00,"2,742.00",0.00,"47,204.00",36.00,129.00,587.00,-304.00,"6,806.00"
2020-03-01,1739,1160,202,9,0,586,0,4,43,1,0,5,0,0,0,240,0,3,13,0,2,5,9,1,0,,,4,"87,137.00","7,169.00","80,026.00",239.00,42.00,"3,736.00",62.00,102.00,100.00,25.00,24.00,19.00,57.00,3.00,3.00,"1,128.00",2.00,23.00,45.00,1.00,7.00,10.00,15.00,2.00,1.00,,,98.00,53.00,18.00,42.00,0.00,0.00,1.00,0.00,0.00,0.00,0.00,0.00,0.00,0.00,0.00,0.00,8.00,0.00,0.00,0.00,0.00,0.00,0.00,0.00,0.00,0.00,,,0.00,"2,977.00",104.00,"2,912.00",5.00,0.00,18.00,0.00,0.00,2.00,0.00,0.00,0.00,0.00,0.00,1.00,29.00,0.00,0.00,0.00,0.00,0.00,0.00,0.00,0.00,0.00,,,2.00,"2,837.00",6.00,"44,462.00",36.00,141.00,715.00,-255.00,"7,110.00"
2020-02-29,1753,1318,573,20,2,813,3,2,19,1,0,3,31,0,0,238,0,4,7,0,2,1,2,0,0,,,1,"85,403.00","6,009.00","79,824.00",230.00,42.00,"3,150.00",62.00,98.00,57.00,24.00,24.00,14.00,57.00,3.00,3.00,888.00,2.00,20.00,32.00,1.00,5.00,5.00,6.00,1.00,1.00,,,95.00,66.00,19.00,35.00,1.00,0.00,4.00,0.00,0.00,0.00,0.00,0.00,0.00,0.00,0.00,0.00,4.00,0.00,0.00,0.00,0.00,0.00,0.00,0.00,0.00,0.00,,,0.00,"2,924.00",86.00,"2,870.00",5.00,0.00,17.00,0.00,0.00,2.00,0.00,0.00,0.00,0.00,0.00,1.00,21.00,0.00,0.00,0.00,0.00,0.00,0.00,0.00,0.00,0.00,,,2.00,"2,623.00",3.00,"41,625.00",33.00,132.00,851.00,-299.00,"7,365.00"
2020-02-28,1358,1027,427,24,0,571,0,3,20,0,2,0,5,0,0,250,0,3,13,0,1,2,3,0,1,,,1,"83,652.00","4,691.00","79,251.00",210.00,40.00,"2,337.00",59.00,96.00,38.00,23.00,24.00,11.00,26.00,3.00,3.00,650.00,2.00,16.00,25.00,1.00,3.00,4.00,4.00,1.00,1.00,,,94.00,54.00,10.00,47.00,1.00,0.00,0.00,0.00,0.00,0.00,0.00,0.00,0.00,0.00,0.00,0.00,5.00,0.00,0.00,0.00,0.00,0.00,0.00,0.00,0.00,0.00,,,0.00,"2,858.00",67.00,"2,835.00",4.00,0.00,13.00,0.00,0.00,2.00,0.00,0.00,0.00,0.00,0.00,1.00,17.00,0.00,0.00,0.00,0.00,0.00,0.00,0.00,0.00,0.00,,,2.00,"2,885.00",4.00,"39,002.00",30.00,248.00,"1,418.00",-288.00,"7,664.00"
2020-02-27,1185,746,327,22,0,505,6,2,6,0,0,1,3,0,0,78,0,0,10,0,0,0,1,1,,,,2,"82,294.00","3,664.00","78,824.00",186.00,40.00,"1,766.00",59.00,93.00,18.00,23.00,22.00,11.00,21.00,3.00,3.00,400.00,2.00,13.00,12.00,1.00,2.00,2.00,1.00,1.00,,,,93.00,42.00,13.00,44.00,2.00,0.00,1.00,0.00,0.00,1.00,0.00,0.00,0.00,0.00,0.00,0.00,1.00,0.00,0.00,0.00,0.00,0.00,0.00,0.00,0.00,,,,0.00,"2,804.00",57.00,"2,788.00",3.00,0.00,13.00,0.00,0.00,2.00,0.00,0.00,0.00,0.00,0.00,1.00,12.00,0.00,0.00,0.00,0.00,0.00,0.00,0.00,0.00,,,,2.00,"3,622.00",2.00,"36,117.00",26.00,452.00,"2,308.00",-394.00,"7,952.00"
2020-02-26,871,459,433,7,3,284,0,1,0,1,0,0,2,0,0,93,0,0,0,0,0,2,,,,,,6,"81,109.00","2,918.00","78,497.00",164.00,40.00,"1,261.00",53.00,91.00,12.00,23.00,22.00,10.00,18.00,3.00,3.00,322.00,2.00,13.00,2.00,1.00,2.00,2.00,,,,,,91.00,62.00,10.00,29.00,0.00,0.00,2.00,0.00,0.00,0.00,0.00,0.00,0.00,0.00,0.00,0.00,5.00,0.00,0.00,0.00,0.00,0.00,0.00,,,,,,0.00,"2,762.00",44.00,"2,744.00",1.00,0.00,12.00,0.00,0.00,1.00,0.00,0.00,0.00,0.00,0.00,1.00,11.00,0.00,0.00,0.00,0.00,0.00,0.00,,,,,,2.00,"2,750.00",6.00,"32,495.00",24.00,508.00,"2,358.00",-406.00,"8,346.00"
2020-02-25,908,390,406,13,2,214,18,1,0,0,0,1,0,0,0,105,0,0,0,0,1,,,,,,,4,"80,239.00","2,459.00","78,064.00",157.00,37.00,977.00,53.00,90.00,12.00,22.00,22.00,10.00,16.00,3.00,3.00,229.00,2.00,13.00,2.00,1.00,2.00,,,,,,,85.00,82.00,11.00,52.00,0.00,0.00,3.00,0.00,0.00,0.00,0.00,0.00,0.00,0.00,0.00,0.00,4.00,0.00,0.00,0.00,0.00,0.00,,,,,,,0.00,"2,700.00",34.00,"2,715.00",1.00,0.00,10.00,0.00,0.00,1.00,0.00,0.00,0.00,0.00,0.00,1.00,6.00,0.00,0.00,0.00,0.00,0.00,,,,,,,2.00,"2,422.00",0.00,"29,745.00",18.00,439.00,"2,491.00",-374.00,"8,752.00"
2020-02-24,715,300,508,12,0,161,0,0,0,0,0,0,0,0,0,48,0,0,0,0,0,,,,,,,7,"79,331.00","2,069.00","77,658.00",144.00,35.00,763.00,35.00,89.00,12.00,22.00,22.00,9.00,16.00,3.00,3.00,124.00,2.00,9.00,2.00,1.00,1.00,,,,,,,81.00,156.00,6.00,71.00,0.00,0.00,2.00,0.00,0.00,0.00,0.00,0.00,0.00,0.00,0.00,0.00,0.00,0.00,0.00,0.00,0.00,0.00,,,,,,,0.00,"2,618.00",23.00,"2,663.00",1.00,0.00,7.00,0.00,0.00,1.00,0.00,0.00,0.00,0.00,0.00,1.00,2.00,0.00,0.00,0.00,0.00,0.00,,,,,,,2.00,"2,589.00",7.00,"27,323.00",19.00,530.00,"2,824.00",-789.00,"9,126.00"
2020-02-23,1017,367,409,27,0,256,0,3,0,1,0,1,0,0,0,67,0,0,0,0,0,,,,,,,5,"78,811.00","1,769.00","77,150.00",132.00,35.00,602.00,35.00,89.00,12.00,22.00,22.00,9.00,16.00,3.00,3.00,76.00,2.00,9.00,2.00,1.00,1.00,,,,,,,74.00,103.00,6.00,150.00,0.00,0.00,3.00,0.00,0.00,0.00,0.00,0.00,0.00,0.00,0.00,0.00,2.00,0.00,0.00,0.00,0.00,0.00,,,,,,,0.00,"2,462.00",17.00,"2,592.00",1.00,0.00,5.00,0.00,0.00,1.00,0.00,0.00,0.00,0.00,0.00,1.00,2.00,0.00,0.00,0.00,0.00,0.00,,,,,,,2.00,"1,846.00",1.00,"24,734.00",12.00,620.00,"3,434.00","-1,053.00","9,915.00"
2020-02-22,599,202,648,12,0,142,20,1,0,4,0,0,0,0,0,6,0,0,0,0,1,,,,,,,1,"77,794.00","1,402.00","76,936.00",105.00,35.00,346.00,35.00,86.00,12.00,21.00,22.00,8.00,16.00,3.00,3.00,9.00,2.00,9.00,2.00,1.00,1.00,,,,,,,69.00,112.00,3.00,97.00,0.00,0.00,1.00,0.00,0.00,0.00,0.00,0.00,0.00,0.00,0.00,0.00,0.00,0.00,0.00,0.00,0.00,0.00,,,,,,,0.00,"2,359.00",11.00,"2,442.00",1.00,0.00,1.00,0.00,0.00,1.00,0.00,0.00,0.00,0.00,0.00,1.00,0.00,0.00,0.00,0.00,0.00,0.00,,,,,,,2.00,"2,230.00",5.00,"22,888.00",11.00,882.00,"4,148.00",-509.00,"10,968.00"
2020-02-21,1021,127,397,8,0,100,0,1,0,2,0,0,0,0,0,0,0,0,0,0,,,,,,,,0,"76,769.00","1,200.00","76,288.00",93.00,35.00,204.00,15.00,85.00,12.00,17.00,22.00,8.00,16.00,3.00,3.00,3.00,2.00,9.00,2.00,1.00,,,,,,,,68.00,118.00,0.00,109.00,0.00,0.00,0.00,0.00,0.00,0.00,0.00,0.00,0.00,0.00,0.00,0.00,0.00,0.00,0.00,0.00,0.00,,,,,,,,0.00,"2,247.00",8.00,"2,345.00",1.00,0.00,1.00,0.00,0.00,1.00,0.00,0.00,0.00,0.00,0.00,1.00,0.00,0.00,0.00,0.00,0.00,,,,,,,,2.00,"2,393.00",1.00,"20,659.00",6.00,"1,361.00","5,365.00",-156.00,"11,477.00"
2020-02-20,548,149,889,12,0,53,0,3,0,0,0,0,0,0,0,0,0,0,0,0,,,,,,,,3,"75,748.00","1,073.00","75,465.00",85.00,35.00,104.00,15.00,84.00,12.00,15.00,22.00,8.00,16.00,3.00,3.00,3.00,2.00,9.00,2.00,1.00,,,,,,,,68.00,120.00,5.00,118.00,0.00,0.00,1.00,0.00,0.00,0.00,0.00,0.00,0.00,0.00,0.00,0.00,0.00,0.00,0.00,0.00,0.00,,,,,,,,0.00,"2,129.00",8.00,"2,236.00",1.00,0.00,1.00,0.00,0.00,1.00,0.00,0.00,0.00,0.00,0.00,1.00,0.00,0.00,0.00,0.00,0.00,,,,,,,,2.00,"2,109.00",0.00,"18,264.00",5.00,"1,614.00","5,206.00",,"11,633.00"
2020-02-19,1872,120,394,8,0,20,0,4,0,0,0,0,0,0,0,0,0,0,0,0,,,,,,,,3,"75,204.00",924.00,"74,576.00",73.00,35.00,51.00,15.00,81.00,12.00,15.00,22.00,8.00,16.00,3.00,3.00,3.00,2.00,9.00,2.00,1.00,,,,,,,,65.00,136.00,0.00,114.00,0.00,0.00,0.00,0.00,0.00,0.00,0.00,0.00,0.00,0.00,0.00,0.00,0.00,0.00,0.00,0.00,0.00,,,,,,,,0.00,"2,009.00",3.00,"2,118.00",1.00,0.00,0.00,0.00,0.00,1.00,0.00,0.00,0.00,0.00,0.00,1.00,0.00,0.00,0.00,0.00,0.00,,,,,,,,2.00,"1,779.00",1.00,"16,155.00",5.00,"1,277.00","4,922.00",-113.00,"11,864.00"
2020-02-18,1901,10,1749,6,0,1,0,2,0,0,0,1,0,0,0,0,0,0,0,0,,,,,,,,2,"73,332.00",804.00,"74,185.00",65.00,35.00,31.00,15.00,77.00,12.00,15.00,22.00,8.00,16.00,3.00,3.00,3.00,2.00,9.00,2.00,1.00,,,,,,,,62.00,98.00,0.00,136.00,0.00,0.00,0.00,0.00,0.00,0.00,0.00,0.00,0.00,0.00,0.00,0.00,0.00,0.00,0.00,0.00,0.00,,,,,,,,0.00,"1,873.00",3.00,"2,004.00",1.00,0.00,0.00,0.00,0.00,1.00,0.00,0.00,0.00,0.00,0.00,1.00,0.00,0.00,0.00,0.00,0.00,,,,,,,,1.00,"1,824.00",2.00,"14,376.00",4.00,"1,185.00","5,248.00",236.00,"11,977.00"
2020-02-17,2162,111,1886,6,1,1,0,3,0,0,0,0,0,0,0,0,0,0,0,0,,,,,,,,3,"71,429.00",794.00,"72,436.00",59.00,35.00,30.00,15.00,75.00,12.00,15.00,22.00,7.00,16.00,3.00,3.00,3.00,2.00,9.00,2.00,1.00,,,,,,,,60.00,106.00,0.00,98.00,0.00,0.00,0.00,0.00,0.00,0.00,0.00,0.00,0.00,0.00,0.00,0.00,0.00,0.00,0.00,0.00,0.00,,,,,,,,0.00,"1,775.00",3.00,"1,868.00",1.00,0.00,0.00,0.00,0.00,1.00,0.00,0.00,0.00,0.00,0.00,1.00,0.00,0.00,0.00,0.00,0.00,,,,,,,,1.00,"1,701.00",0.00,"12,552.00",2.00,"1,432.00","6,242.00","1,097.00","11,741.00"
2020-02-16,2166,157,2048,12,0,1,0,5,1,0,1,0,0,0,0,0,0,0,0,0,,,,,,,,1,"69,267.00",683.00,"70,548.00",53.00,34.00,29.00,15.00,72.00,12.00,15.00,22.00,7.00,16.00,3.00,3.00,3.00,2.00,9.00,2.00,1.00,,,,,,,,57.00,143.00,1.00,105.00,0.00,0.00,0.00,0.00,0.00,1.00,0.00,0.00,0.00,0.00,0.00,0.00,0.00,0.00,0.00,0.00,0.00,,,,,,,,0.00,"1,669.00",3.00,"1,770.00",1.00,0.00,0.00,0.00,0.00,1.00,0.00,0.00,0.00,0.00,0.00,1.00,0.00,0.00,0.00,0.00,0.00,,,,,,,,1.00,"1,425.00",1.00,"10,844.00",2.00,"1,563.00","7,264.00",-628.00,"10,644.00"
2020-02-15,2665,21,2009,8,1,0,0,9,,0,2,0,0,0,0,0,0,0,0,0,,,,,,,,0,"67,102.00",526.00,"68,500.00",41.00,34.00,28.00,15.00,67.00,11.00,15.00,21.00,7.00,16.00,3.00,3.00,3.00,2.00,9.00,2.00,1.00,,,,,,,,56.00,143.00,0.00,142.00,0.00,0.00,0.00,0.00,0.00,1.00,0.00,0.00,0.00,0.00,0.00,0.00,0.00,0.00,0.00,0.00,0.00,,,,,,,,0.00,"1,526.00",2.00,"1,665.00",1.00,0.00,0.00,0.00,0.00,1.00,0.00,0.00,0.00,0.00,0.00,1.00,0.00,0.00,0.00,0.00,0.00,,,,,,,,1.00,"1,323.00",0.00,"9,419.00",1.00,"1,918.00","8,228.00",219.00,"11,272.00"
2020-02-14,5151,58,2641,4,0,0,1,8,0,0,1,0,0,0,0,0,0,0,0,0,,,,,,,,3,"64,437.00",505.00,"66,492.00",33.00,33.00,28.00,15.00,58.00,11.00,15.00,19.00,7.00,16.00,3.00,3.00,3.00,2.00,9.00,2.00,1.00,,,,,,,,56.00,122.00,1.00,143.00,1.00,0.00,0.00,0.00,0.00,0.00,0.00,0.00,0.00,0.00,0.00,0.00,0.00,0.00,0.00,0.00,0.00,,,,,,,,0.00,"1,383.00",2.00,"1,523.00",1.00,0.00,0.00,0.00,0.00,0.00,0.00,0.00,0.00,0.00,0.00,1.00,0.00,0.00,0.00,0.00,0.00,,,,,,,,1.00,"1,373.00",0.00,"8,096.00",1.00,"2,277.00","8,969.00",849.00,"11,053.00"
2020-02-13,1826,6,5090,0,0,0,1,3,0,1,0,0,0,0,0,0,0,1,0,0,,,,,,,,3,"46,997.00",447.00,"63,851.00",29.00,33.00,28.00,14.00,50.00,11.00,15.00,18.00,7.00,16.00,3.00,3.00,3.00,2.00,9.00,2.00,1.00,,,,,,,,53.00,254.00,0.00,121.00,0.00,0.00,0.00,0.00,0.00,0.00,0.00,0.00,0.00,0.00,0.00,0.00,0.00,0.00,0.00,0.00,0.00,,,,,,,,0.00,"1,369.00",1.00,"1,380.00",0.00,0.00,0.00,0.00,0.00,0.00,0.00,0.00,0.00,0.00,0.00,1.00,0.00,0.00,0.00,0.00,0.00,,,,,,,,1.00,"1,081.00",1.00,"6,723.00",1.00,"2,450.00","10,109.00","2,174.00","10,204.00"
2020-02-12,2068,46,15152,2,0,0,0,2,0,0,0,0,2,0,0,0,0,0,0,0,,,,,,,,1,"45,171.00",441.00,"59,804.00",28.00,33.00,28.00,13.00,47.00,11.00,15.00,18.00,7.00,16.00,3.00,3.00,3.00,2.00,8.00,2.00,1.00,,,,,,,,50.00,97.00,0.00,254.00,0.00,0.00,0.00,0.00,0.00,0.00,0.00,0.00,0.00,0.00,0.00,0.00,0.00,0.00,0.00,0.00,0.00,,,,,,,,0.00,"1,115.00",1.00,"1,367.00",0.00,0.00,0.00,0.00,0.00,0.00,0.00,0.00,0.00,0.00,0.00,1.00,0.00,0.00,0.00,0.00,0.00,,,,,,,,1.00,"1,171.00",,"5,911.00",,"2,807.00","13,435.00",-174.00,"8,030.00"
2020-02-11,2560,76,2015,0,1,1,1,2,0,0,0,0,0,0,0,0,0,4,0,0,,,,,,,,7,"43,103.00",395.00,"44,653.00",26.00,33.00,28.00,13.00,45.00,11.00,15.00,18.00,7.00,14.00,3.00,3.00,3.00,2.00,8.00,2.00,1.00,,,,,,,,49.00,108.00,0.00,97.00,0.00,0.00,0.00,0.00,0.00,0.00,0.00,0.00,0.00,0.00,0.00,0.00,0.00,0.00,0.00,0.00,0.00,,,,,,,,0.00,"1,018.00",1.00,"1,113.00",0.00,0.00,0.00,0.00,0.00,0.00,0.00,0.00,0.00,0.00,0.00,1.00,0.00,0.00,0.00,0.00,0.00,,,,,,,,1.00,744.00,,"4,740.00",,"3,342.00","16,067.00",871.00,"8,204.00"
2020-02-10,3085,12,2478,6,0,0,0,3,0,0,1,0,0,0,0,0,0,1,1,0,,,,,,,,6,"40,554.00",319.00,"42,638.00",26.00,32.00,27.00,12.00,43.00,11.00,15.00,18.00,7.00,14.00,3.00,3.00,3.00,2.00,4.00,2.00,1.00,,,,,,,,42.00,97.00,0.00,108.00,0.00,0.00,0.00,0.00,0.00,0.00,0.00,0.00,0.00,0.00,0.00,0.00,0.00,0.00,0.00,0.00,0.00,,,,,,,,0.00,910.00,1.00,"1,016.00",0.00,0.00,0.00,0.00,0.00,0.00,0.00,0.00,0.00,0.00,0.00,1.00,0.00,0.00,0.00,0.00,0.00,,,,,,,,1.00,716.00,,"3,996.00",,"3,536.00","21,675.00",849.00,"7,333.00"
2020-02-09,2676,19,3062,1,0,3,0,7,5,0,2,0,0,0,0,0,0,0,0,0,,,,,,,,10,"37,558.00",307.00,"40,171.00",26.00,32.00,27.00,12.00,40.00,11.00,15.00,17.00,7.00,14.00,3.00,3.00,3.00,2.00,3.00,1.00,1.00,,,,,,,,36.00,89.00,0.00,97.00,0.00,0.00,0.00,0.00,0.00,0.00,0.00,0.00,0.00,0.00,0.00,0.00,0.00,0.00,0.00,0.00,0.00,,,,,,,,0.00,813.00,1.00,908.00,0.00,0.00,0.00,0.00,0.00,0.00,0.00,0.00,0.00,0.00,0.00,1.00,0.00,0.00,0.00,0.00,0.00,,,,,,,,1.00,632.00,,"3,281.00",,"4,008.00","23,589.00",296.00,"6,484.00"
2020-02-08,3419,18,2656,0,7,0,0,3,0,0,1,0,1,0,0,0,0,0,0,0,,,,,,,,0,"34,886.00",288.00,"37,198.00",25.00,32.00,24.00,12.00,33.00,6.00,15.00,15.00,7.00,14.00,3.00,3.00,3.00,2.00,3.00,1.00,1.00,,,,,,,,26.00,86.00,0.00,89.00,0.00,0.00,0.00,0.00,0.00,0.00,0.00,0.00,0.00,0.00,0.00,0.00,0.00,0.00,0.00,0.00,0.00,,,,,,,,0.00,724.00,1.00,811.00,0.00,0.00,0.00,0.00,0.00,0.00,0.00,0.00,0.00,0.00,0.00,1.00,0.00,0.00,0.00,0.00,0.00,,,,,,,,1.00,600.00,,"2,649.00",,"3,916.00","28,942.00",87.00,"6,188.00"
2020-02-07,3205,54,3399,0,,1,0,2,,1,2,2,1,0,0,1,,1,,0,,,,,,,,2,"31,481.00",270.00,"34,546.00",25.00,25.00,24.00,12.00,30.00,6.00,15.00,14.00,7.00,13.00,3.00,3.00,3.00,2.00,3.00,1.00,1.00,,,,,,,,26.00,73.00,0.00,86.00,0.00,,,,,,,,,,,,,,,,,,,,,,,,0.00,638.00,1.00,722.00,0.00,,,,,,,,,,,1.00,,,,,,,,,,,,,1.00,510.00,,"2,050.00",,"4,214.00","27,657.00","1,280.00","6,101.00"
2020-02-06,3722,25,3143,2,,5,1,4,,1,2,0,0,0,0,,,,,0,,,,,,,,3,"28,276.00",216.00,"31,161.00",25.00,25.00,23.00,12.00,28.00,6.00,14.00,12.00,5.00,12.00,3.00,3.00,2.00,2.00,2.00,1.00,1.00,,,,,,,,24.00,73.00,0.00,73.00,0.00,,,,,,,,,,,,,,,,,,,,,,,,0.00,565.00,1.00,636.00,0.00,,,,,,,,,,,1.00,,,,,,,,,,,,,1.00,387.00,,"1,540.00",,"4,833.00","26,359.00",962.00,"4,821.00"
2020-02-05,3925,32,3694,13,6,2,0,6,,1,0,1,0,0,1,,,,,1,,,,,,,,3,"24,554.00",191.00,"28,018.00",33.00,25.00,18.00,11.00,24.00,6.00,13.00,10.00,5.00,12.00,3.00,3.00,2.00,2.00,2.00,1.00,1.00,,,,,,,,21.00,66.00,0.00,73.00,,,,,,,,,,,,,,,,,,,,,,,,,0.00,492.00,1.00,563.00,,,,,,,,,,,,1.00,,,,,,,,,,,,,1.00,261.00,,"1,153.00",,"5,328.00","24,702.00",640.00,"3,859.00"
2020-02-04,3241,6,3887,,,1,0,,,,2,,2,0,,,,,,,,,,,,,,3,"20,630.00",159.00,"24,324.00",20.00,19.00,16.00,11.00,18.00,6.00,12.00,10.00,4.00,12.00,3.00,2.00,2.00,2.00,2.00,1.00,,,,,,,,,18.00,64.00,0.00,65.00,,,,,,,,,,,,,,,,,,,,,,,,,1.00,426.00,1.00,490.00,,,,,,,,,,,,1.00,,,,,,,,,,,,,1.00,262.00,,892.00,,"3,971.00","23,260.00",431.00,"3,219.00"
2020-02-03,2838,7,3235,,,,3,,,,,,2,1,,,,,,,,,,,,,,0,"17,391.00",153.00,"20,438.00",20.00,19.00,15.00,11.00,18.00,6.00,12.00,8.00,4.00,10.00,3.00,2.00,2.00,2.00,2.00,1.00,,,,,,,,,15.00,57.00,0.00,64.00,,,,,,,,,,,,,,,,,,,,,,,,,,362.00,1.00,425.00,,,,,,,,,,,,1.00,,,,,,,,,,,,,,157.00,,632.00,,"5,072.00","23,214.00",492.00,"2,788.00"
2020-02-02,2604,14,2829,,,,,,,,,,,,,,,,,,,,,,,,,1,"14,557.00",146.00,"17,205.00",20.00,19.00,15.00,8.00,18.00,6.00,12.00,8.00,4.00,8.00,2.00,2.00,2.00,2.00,2.00,1.00,,,,,,,,,15.00,45.00,0.00,57.00,,,,,,,,,,,,,,,,,,,,,,,,,,305.00,1.00,361.00,,,,,,,,,,,,,,,,,,,,,,,,,,147.00,,475.00,,"5,173.00","21,558.00",186.00,"2,296.00"
2020-02-01,2128,26,2590,,,,,,,,,,,,,,,,,,,,,,,,,1,"11,953.00",132.00,"14,380.00",17.00,19.00,12.00,7.00,16.00,6.00,12.00,8.00,4.00,7.00,1.00,1.00,2.00,2.00,2.00,1.00,,,,,,,,,14.00,,,45.00,,,,,,,,,,,,,,,,,,,,,,,,,,,,304.00,,,,,,,,,,,,,,,,,,,,,,,,,,85.00,,328.00,,"4,562.00","19,544.00",315.00,"2,110.00"
2020-01-31,2008,24,2102,,,,,,,,,,,,,,,,,,,,,,,,,1,"9,826.00",106.00,"11,791.00",14.00,14.00,11.00,6.00,13.00,6.00,9.00,8.00,3.00,5.00,1.00,1.00,2.00,,,,,,,,,,,,13.00,,,46.00,,,,,,,,,,,,,,,,,,,,,,,,,,,,259.00,,,,,,,,,,,,,,,,,,,,,,,,,,72.00,,243.00,,"5,019.00","17,988.00",268.00,"1,795.00"
2020-01-30,1753,14,1982,,,,,,,,,,,,,,,,,,,,,,,,,2,"7,818.00",82.00,"9,692.00",11.00,14.00,4.00,5.00,10.00,5.00,7.00,7.00,3.00,4.00,1.00,1.00,,,,,,,,,,,,,12.00,,,43.00,,,,,,,,,,,,,,,,,,,,,,,,,,,,213.00,,,,,,,,,,,,,,,,,,,,,,,,,,47.00,,171.00,,"4,812.00","15,238.00",157.00,"1,527.00"
2020-01-29,1472,12,1737,,,,,,,,,,,,,,,,,,,,,,,,,2,"6,065.00",68.00,"7,711.00",7.00,14.00,4.00,5.00,7.00,4.00,7.00,4.00,3.00,4.00,,,,,,,,,,,,,,,10.00,,,38.00,,,,,,,,,,,,,,,,,,,,,,,,,,,,170.00,,,,,,,,,,,,,,,,,,,,,,,,,,21.00,,124.00,,"4,148.00","12,167.00",131.00,"1,370.00"
2020-01-28,1815,19,1459,,,,,,,,,,,,,,,,,,,,,,,,,0,"4,593.00",56.00,"5,974.00",6.00,14.00,4.00,5.00,7.00,3.00,5.00,4.00,2.00,1.00,,,,,,,,,,,,,,,8.00,,,26.00,,,,,,,,,,,,,,,,,,,,,,,,,,,,132.00,,,,,,,,,,,,,,,,,,,,,,,,,,43.00,,103.00,,"3,248.00","9,239.00",263.00,"1,239.00"
2020-01-27,764,8,1771,,,,,,,,,,,,,,,,,,,,,,,,,0,"2,778.00",37.00,"4,515.00",4.00,5.00,4.00,5.00,4.00,3.00,4.00,4.00,1.00,,,,,,,,,,,,,,,,8.00,,,26.00,,,,,,,,,,,,,,,,,,,,,,,,,,,,106.00,,,,,,,,,,,,,,,,,,,,,,,,,,9.00,,60.00,,"2,077.00","6,973.00",515.00,976.00
2020-01-26,694,6,769,,,,,,,,,,,,,,,,,,,,,,,,,3,"2,014.00",29.00,"2,744.00",3.00,5.00,3.00,3.00,4.00,3.00,4.00,3.00,,,,,,,,,,,,,,,,,8.00,,,24.00,,,,,,,,,,,,,,,,,,,,,,,,,,,,80.00,,,,,,,,,,,,,,,,,,,,,,,,,,2.00,,51.00,,"3,806.00","5,794.00",137.00,461.00
2020-01-25,474,7,688,,,,,,,,,,,,,,,,,,,,,,,,,0,"1,320.00",23.00,"1,975.00",2.00,4.00,2.00,2.00,3.00,3.00,1.00,3.00,,,,,,,,,,,,,,,,,5.00,,,15.00,,,,,,,,,,,,,,,,,,,,,,,,,,,,56.00,,,,,,,,,,,,,,,,,,,,,,,,,,11.00,,49.00,,"1,309.00","2,684.00",87.00,324.00
2020-01-24,265,6,444,,,,,,,,,,,,,,,,,,,,,,,,,3,846.00,16.00,"1,287.00",2.00,4.00,2.00,2.00,3.00,2.00,,,,,,,,,,,,,,,,,,,5.00,,,16.00,,,,,,,,,,,,,,,,,,,,,,,,,,,,41.00,,,,,,,,,,,,,,,,,,,,,,,,,,3.00,,38.00,,"1,118.00","1,965.00",,237.00
2020-01-23,267,5,259,,,,,,,,,,,,,,,,,,,,,,,,,1,581.00,10.00,830.00,1.00,3.00,1.00,1.00,1.00,,,,,,,,,,,,,,,,,,,,2.00,,,8.00,,,,,,,,,,,,,,,,,,,,,,,,,,,,25.00,,,,,,,,,,,,,,,,,,,,,,,,,,6.00,,34.00,,680.00,"1,072.00",,177.00
2020-01-22,32,1,131,,,,,,,,,,,,,,,,,,,,,,,,,0,314.00,5.00,571.00,1.00,3.00,1.00,1.00,,,,,,,,,,,,,,,,,,,,,1.00,,,8.00,,,,,,,,,,,,,,,,,,,,,,,,,,,,17.00,,,,,,,,,,,,,,,,,,,,,,,,,,0.00,,28.00,,257.00,393.00,,95.00
2020-01-21,,,149,,,,,,,,,,,,,,,,,,,,,,,,,,282.00,4.00,440.00,1.00,3.00,1.00,,,,,,,,,,,,,,,,,,,,,,,,,6.00,,,,,,,,,,,,,,,,,,,,,,,,,,,,9.00,,,,,,,,,,,,,,,,,,,,,,,,,,0.00,,25.00,,26.00,37.00,,102.00
2020-01-20,,,77,,,,,,,,,,,,,,,,,,,,,,,,,,,,291.00,1.00,2.00,1.00,,,,,,,,,,,,,,,,,,,,,,,,,0.00,,,,,,,,,,,,,,,,,,,,,,,,,,,,3.00,,,,,,,,,,,,,,,,,,,,,,,,,,0.00,,25.00,,27.00,54.00,,
2020-01-19,,,77,,,,,,,,,,,,,,,,,,,,,,,,,,,,198.00,,,,,,,,,,,,,,,,,,,,,,,,,,,,0.00,,,,,,,,,,,,,,,,,,,,,,,,,,,,3.00,,,,,,,,,,,,,,,,,,,,,,,,,,1.00,,25.00,,,,,35.00
2020-01-18,,,59,,,,,,,,,,,,,,,,,,,,,,,,,,,,121.00,,,,,,,,,,,,,,,,,,,,,,,,,,,,1.00,,,,,,,,,,,,,,,,,,,,,,,,,,,,3.00,,,,,,,,,,,,,,,,,,,,,,,,,,5.00,,24.00,,,,,33.00
2020-01-17,,,17,,,,,,,,,,,,,,,,,,,,,,,,,,,,62.00,,,,,,,,,,,,,,,,,,,,,,,,,,,,0.00,,,,,,,,,,,,,,,,,,,,,,,,,,,,2.00,,,,,,,,,,,,,,,,,,,,,,,,,,4.00,,19.00,,,,,8.00
2020-01-16,,,4,,,,,,,,,,,,,,,,,,,,,,,,,,,,45.00,,,,,,,,,,,,,,,,,,,,,,,,,,,,0.00,,,,,,,,,,,,,,,,,,,,,,,,,,,,2.00,,,,,,,,,,,,,,,,,,,,,,,,,,3.00,,15.00,,,,,5.00
2020-01-15,,,,,,,,,,,,,,,,,,,,,,,,,,,,,,,41.00,,,,,,,,,,,,,,,,,,,,,,,,,,,,1.00,,,,,,,,,,,,,,,,,,,,,,,,,,,,2.00,,,,,,,,,,,,,,,,,,,,,,,,,,5.00,,12.00,,,,,5.00
2020-01-14,,,,,,,,,,,,,,,,,,,,,,,,,,,,,,,41.00,,,,,,,,,,,,,,,,,,,,,,,,,,,,,,,,,,,,,,,,,,,,,,,,,,,,,,,,1.00,,,,,,,,,,,,,,,,,,,,,,,,,,0.00,,7.00,,,,,6.00
2020-01-13,,,,,,,,,,,,,,,,,,,,,,,,,,,,,,,41.00,,,,,,,,,,,,,,,,,,,,,,,,,,,,,,,,,,,,,,,,,,,,,,,,,,,,,,,,1.00,,,,,,,,,,,,,,,,,,,,,,,,,,0.00,,7.00,,,,,6.00
2020-01-12,,,,,,,,,,,,,,,,,,,,,,,,,,,,,,,41.00,,,,,,,,,,,,,,,,,,,,,,,,,,,,,,,,,,,,,,,,,,,,,,,,,,,,,,,,1.00,,,,,,,,,,,,,,,,,,,,,,,,,,1.00,,7.00,,,,,6.00
2020-01-11,,,,,,,,,,,,,,,,,,,,,,,,,,,,,,,41.00,,,,,,,,,,,,,,,,,,,,,,,,,,,,,,,,,,,,,,,,,,,,,,,,,,,,,,,,1.00,,,,,,,,,,,,,,,,,,,,,,,,,,4.00,,6.00,,,,,7.00
2020-01-10,,,,,,,,,,,,,,,,,,,,,,,,,,,,,,,41.00,,,,,,,,,,,,,,,,,,,,,,,,,,,,,,,,,,,,,,,,,,,,,,,,,,,,,,,,1.00,,,,,,,,,,,,,,,,,,,,,,,,,,,,2.00,,,,,7.00
2020-01-05,,,,,,,,,,,,,,,,,,,,,,,,,,,,,,,59.00,,,,,,,,,,,,,,,,,,,,,,,,,,,,,,,,,,,,,,,,,,,,,,,,,,,,,,,,,,,,,,,,,,,,,,,,,,,,,,,,,,,,,,,,,7.00
2020-01-03,,,,,,,,,,,,,,,,,,,,,,,,,,,,,,,44.00,,,,,,,,,,,,,,,,,,,,,,,,,,,,,,,,,,,,,,,,,,,,,,,,,,,,,,,,,,,,,,,,,,,,,,,,,,,,,,,,,,,,,,,,,11.00
2019-12-30,,,,,,,,,,,,,,,,,,,,,,,,,,,,,,,27.00,,,,,,,,,,,,,,,,,,,,,,,,,,,,,,,,,,,,,,,,,,,,,,,,,,,,,,,,,,,,,,,,,,,,,,,,,,,,,,,,,,,,,,,,,7.00
